C:/Users/PraveenKumar/RetinaNet/Img_data/Invoice_0.png,67,364,454,424,Name
C:/Users/PraveenKumar/RetinaNet/Img_data/Invoice_0.png,694,359,1322,427,ccNumber
C:/Users/PraveenKumar/RetinaNet/Img_data/Invoice_0.png,72,449,397,497,DOB
C:/Users/PraveenKumar/RetinaNet/Img_data/Invoice_0.png,699,439,1569,512,Address
C:/Users/PraveenKumar/RetinaNet/Img_data/Invoice_1.png,69,364,444,432,Name
C:/Users/PraveenKumar/RetinaNet/Img_data/Invoice_1.png,707,349,1302,424,ccNumber
C:/Users/PraveenKumar/RetinaNet/Img_data/Invoice_1.png,77,442,399,509,DOB
C:/Users/PraveenKumar/RetinaNet/Img_data/Invoice_1.png,692,444,1394,507,Address
C:/Users/PraveenKumar/RetinaNet/Img_data/Invoice_10.png,64,364,392,414,Name
C:/Users/PraveenKumar/RetinaNet/Img_data/Invoice_10.png,699,359,1299,422,ccNumber
C:/Users/PraveenKumar/RetinaNet/Img_data/Invoice_10.png,699,449,1352,504,Address
C:/Users/PraveenKumar/RetinaNet/Img_data/Invoice_10.png,64,442,384,499,DOB
C:/Users/PraveenKumar/RetinaNet/Img_data/Invoice_100.png,71,364,425,421,Name
C:/Users/PraveenKumar/RetinaNet/Img_data/Invoice_100.png,705,360,1303,434,ccNumber
C:/Users/PraveenKumar/RetinaNet/Img_data/Invoice_100.png,698,443,1581,508,Address
C:/Users/PraveenKumar/RetinaNet/Img_data/Invoice_100.png,74,439,378,513,DOB
C:/Users/PraveenKumar/RetinaNet/Img_data/Invoice_101.png,66,373,437,420,Name
C:/Users/PraveenKumar/RetinaNet/Img_data/Invoice_101.png,692,361,1260,423,ccNumber
C:/Users/PraveenKumar/RetinaNet/Img_data/Invoice_101.png,690,446,1412,507,Address
C:/Users/PraveenKumar/RetinaNet/Img_data/Invoice_101.png,63,439,400,513,DOB
C:/Users/PraveenKumar/RetinaNet/Img_data/Invoice_102.png,66,370,365,421,Name
C:/Users/PraveenKumar/RetinaNet/Img_data/Invoice_102.png,683,371,1311,418,ccNumber
C:/Users/PraveenKumar/RetinaNet/Img_data/Invoice_102.png,700,445,1374,523,Address
C:/Users/PraveenKumar/RetinaNet/Img_data/Invoice_102.png,69,440,393,504,DOB
C:/Users/PraveenKumar/RetinaNet/Img_data/Invoice_103.png,67,366,393,434,Name
C:/Users/PraveenKumar/RetinaNet/Img_data/Invoice_103.png,687,359,1253,423,ccNumber
C:/Users/PraveenKumar/RetinaNet/Img_data/Invoice_103.png,703,439,1595,503,Address
C:/Users/PraveenKumar/RetinaNet/Img_data/Invoice_103.png,70,446,383,504,DOB
C:/Users/PraveenKumar/RetinaNet/Img_data/Invoice_104.png,65,361,423,428,Name
C:/Users/PraveenKumar/RetinaNet/Img_data/Invoice_104.png,696,359,1321,428,ccNumber
C:/Users/PraveenKumar/RetinaNet/Img_data/Invoice_104.png,694,445,1506,506,Address
C:/Users/PraveenKumar/RetinaNet/Img_data/Invoice_104.png,70,446,389,508,DOB
C:/Users/PraveenKumar/RetinaNet/Img_data/Invoice_105.png,73,356,421,423,Name
C:/Users/PraveenKumar/RetinaNet/Img_data/Invoice_105.png,699,355,1271,418,ccNumber
C:/Users/PraveenKumar/RetinaNet/Img_data/Invoice_105.png,688,439,1489,519,Address
C:/Users/PraveenKumar/RetinaNet/Img_data/Invoice_105.png,70,441,359,516,DOB
C:/Users/PraveenKumar/RetinaNet/Img_data/Invoice_106.png,70,366,435,427,DOB
C:/Users/PraveenKumar/RetinaNet/Img_data/Invoice_106.png,679,360,1286,419,DOB
C:/Users/PraveenKumar/RetinaNet/Img_data/Invoice_106.png,700,436,1622,504,Address
C:/Users/PraveenKumar/RetinaNet/Img_data/Invoice_106.png,75,444,370,504,DOB
C:/Users/PraveenKumar/RetinaNet/Img_data/Invoice_107.png,64,363,394,432,Name
C:/Users/PraveenKumar/RetinaNet/Img_data/Invoice_107.png,703,355,1278,427,ccNumber
C:/Users/PraveenKumar/RetinaNet/Img_data/Invoice_107.png,709,440,1644,513,Address
C:/Users/PraveenKumar/RetinaNet/Img_data/Invoice_107.png,61,450,376,508,DOB
C:/Users/PraveenKumar/RetinaNet/Img_data/Invoice_108.png,66,353,379,428,Name
C:/Users/PraveenKumar/RetinaNet/Img_data/Invoice_108.png,686,357,1269,420,ccNumber
C:/Users/PraveenKumar/RetinaNet/Img_data/Invoice_108.png,696,448,1644,508,Address
C:/Users/PraveenKumar/RetinaNet/Img_data/Invoice_108.png,69,447,428,493,DOB
C:/Users/PraveenKumar/RetinaNet/Img_data/Invoice_109.png,75,360,480,434,DOB
C:/Users/PraveenKumar/RetinaNet/Img_data/Invoice_109.png,692,359,1335,431,ccNumber
C:/Users/PraveenKumar/RetinaNet/Img_data/Invoice_109.png,709,451,1590,519,Address
C:/Users/PraveenKumar/RetinaNet/Img_data/Invoice_109.png,60,447,415,521,DOB
C:/Users/PraveenKumar/RetinaNet/Img_data/Invoice_11.png,67,359,434,422,Name
C:/Users/PraveenKumar/RetinaNet/Img_data/Invoice_11.png,712,362,1304,424,ccNumber
C:/Users/PraveenKumar/RetinaNet/Img_data/Invoice_11.png,59,439,414,502,DOB
C:/Users/PraveenKumar/RetinaNet/Img_data/Invoice_11.png,709,444,1637,504,Address
C:/Users/PraveenKumar/RetinaNet/Img_data/Invoice_110.png,72,360,406,427,Name
C:/Users/PraveenKumar/RetinaNet/Img_data/Invoice_110.png,676,359,1312,423,ccNumber
C:/Users/PraveenKumar/RetinaNet/Img_data/Invoice_110.png,690,441,1392,514,Address
C:/Users/PraveenKumar/RetinaNet/Img_data/Invoice_110.png,67,440,377,520,DOB
C:/Users/PraveenKumar/RetinaNet/Img_data/Invoice_111.png,70,353,476,426,Name
C:/Users/PraveenKumar/RetinaNet/Img_data/Invoice_111.png,700,363,1283,426,ccNumber
C:/Users/PraveenKumar/RetinaNet/Img_data/Invoice_111.png,707,443,1462,523,Address
C:/Users/PraveenKumar/RetinaNet/Img_data/Invoice_111.png,47,444,413,547,DOB
C:/Users/PraveenKumar/RetinaNet/Img_data/Invoice_112.png,62,353,393,421,Name
C:/Users/PraveenKumar/RetinaNet/Img_data/Invoice_112.png,675,350,1370,426,ccNumber
C:/Users/PraveenKumar/RetinaNet/Img_data/Invoice_112.png,700,447,1475,514,Address
C:/Users/PraveenKumar/RetinaNet/Img_data/Invoice_112.png,66,446,440,513,DOB
C:/Users/PraveenKumar/RetinaNet/Img_data/Invoice_113.png,57,361,423,420,Name
C:/Users/PraveenKumar/RetinaNet/Img_data/Invoice_113.png,697,359,1277,409,ccNumber
C:/Users/PraveenKumar/RetinaNet/Img_data/Invoice_113.png,707,440,1519,510,Address
C:/Users/PraveenKumar/RetinaNet/Img_data/Invoice_113.png,77,440,350,527,DOB
C:/Users/PraveenKumar/RetinaNet/Img_data/Invoice_114.png,65,359,403,427,Name
C:/Users/PraveenKumar/RetinaNet/Img_data/Invoice_114.png,693,363,1255,431,ccNumber
C:/Users/PraveenKumar/RetinaNet/Img_data/Invoice_114.png,712,437,1616,519,Address
C:/Users/PraveenKumar/RetinaNet/Img_data/Invoice_114.png,72,444,365,507,DOB
C:/Users/PraveenKumar/RetinaNet/Img_data/Invoice_115.png,67,361,409,426,Name
C:/Users/PraveenKumar/RetinaNet/Img_data/Invoice_115.png,690,349,1307,417,ccNumber
C:/Users/PraveenKumar/RetinaNet/Img_data/Invoice_115.png,690,443,1593,521,Address
C:/Users/PraveenKumar/RetinaNet/Img_data/Invoice_115.png,67,443,346,503,DOB
C:/Users/PraveenKumar/RetinaNet/Img_data/Invoice_116.png,706,366,1273,423,ccNumber
C:/Users/PraveenKumar/RetinaNet/Img_data/Invoice_116.png,66,365,380,416,Name
C:/Users/PraveenKumar/RetinaNet/Img_data/Invoice_116.png,69,443,351,499,DOB
C:/Users/PraveenKumar/RetinaNet/Img_data/Invoice_116.png,698,453,1378,505,Address
C:/Users/PraveenKumar/RetinaNet/Img_data/Invoice_117.png,75,365,455,419,Name
C:/Users/PraveenKumar/RetinaNet/Img_data/Invoice_117.png,703,361,1319,419,Name
C:/Users/PraveenKumar/RetinaNet/Img_data/Invoice_117.png,708,443,1548,518,Address
C:/Users/PraveenKumar/RetinaNet/Img_data/Invoice_117.png,70,446,350,505,DOB
C:/Users/PraveenKumar/RetinaNet/Img_data/Invoice_118.png,77,363,423,421,Name
C:/Users/PraveenKumar/RetinaNet/Img_data/Invoice_118.png,687,351,1367,421,ccNumber
C:/Users/PraveenKumar/RetinaNet/Img_data/Invoice_118.png,706,441,1383,536,Address
C:/Users/PraveenKumar/RetinaNet/Img_data/Invoice_118.png,63,446,385,514,DOB
C:/Users/PraveenKumar/RetinaNet/Img_data/Invoice_119.png,65,357,417,426,Name
C:/Users/PraveenKumar/RetinaNet/Img_data/Invoice_119.png,687,356,1322,430,ccNumber
C:/Users/PraveenKumar/RetinaNet/Img_data/Invoice_119.png,710,443,1579,530,Address
C:/Users/PraveenKumar/RetinaNet/Img_data/Invoice_119.png,73,446,372,504,DOB
C:/Users/PraveenKumar/RetinaNet/Img_data/Invoice_12.png,72,357,447,429,Address
C:/Users/PraveenKumar/RetinaNet/Img_data/Invoice_12.png,702,364,1302,424,ccNumber
C:/Users/PraveenKumar/RetinaNet/Img_data/Invoice_12.png,67,444,417,502,DOB
C:/Users/PraveenKumar/RetinaNet/Img_data/Invoice_12.png,709,447,1522,507,Address
C:/Users/PraveenKumar/RetinaNet/Img_data/Invoice_120.png,63,359,450,424,Name
C:/Users/PraveenKumar/RetinaNet/Img_data/Invoice_120.png,690,357,1285,416,ccNumber
C:/Users/PraveenKumar/RetinaNet/Img_data/Invoice_120.png,703,434,1592,531,Address
C:/Users/PraveenKumar/RetinaNet/Img_data/Invoice_120.png,63,443,372,506,DOB
C:/Users/PraveenKumar/RetinaNet/Img_data/Invoice_121.png,75,363,469,434,Name
C:/Users/PraveenKumar/RetinaNet/Img_data/Invoice_121.png,703,350,1347,421,ccNumber
C:/Users/PraveenKumar/RetinaNet/Img_data/Invoice_121.png,695,443,1470,516,Address
C:/Users/PraveenKumar/RetinaNet/Img_data/Invoice_121.png,67,451,456,513,DOB
C:/Users/PraveenKumar/RetinaNet/Img_data/Invoice_122.png,74,364,451,433,Name
C:/Users/PraveenKumar/RetinaNet/Img_data/Invoice_122.png,705,353,1291,425,ccNumber
C:/Users/PraveenKumar/RetinaNet/Img_data/Invoice_122.png,704,438,1568,503,Address
C:/Users/PraveenKumar/RetinaNet/Img_data/Invoice_122.png,75,446,353,516,DOB
C:/Users/PraveenKumar/RetinaNet/Img_data/Invoice_123.png,70,361,449,429,Name
C:/Users/PraveenKumar/RetinaNet/Img_data/Invoice_123.png,693,347,1320,433,ccNumber
C:/Users/PraveenKumar/RetinaNet/Img_data/Invoice_123.png,707,444,1559,513,Address
C:/Users/PraveenKumar/RetinaNet/Img_data/Invoice_123.png,75,447,370,510,DOB
C:/Users/PraveenKumar/RetinaNet/Img_data/Invoice_124.png,68,348,396,418,Name
C:/Users/PraveenKumar/RetinaNet/Img_data/Invoice_124.png,698,357,1313,427,ccNumber
C:/Users/PraveenKumar/RetinaNet/Img_data/Invoice_124.png,708,447,1594,518,Address
C:/Users/PraveenKumar/RetinaNet/Img_data/Invoice_124.png,66,445,371,505,DOB
C:/Users/PraveenKumar/RetinaNet/Img_data/Invoice_125.png,74,370,423,426,Name
C:/Users/PraveenKumar/RetinaNet/Img_data/Invoice_125.png,686,366,1270,428,ccNumber
C:/Users/PraveenKumar/RetinaNet/Img_data/Invoice_125.png,703,443,1480,523,Address
C:/Users/PraveenKumar/RetinaNet/Img_data/Invoice_125.png,70,448,366,501,DOB
C:/Users/PraveenKumar/RetinaNet/Img_data/Invoice_126.png,73,364,385,424,Name
C:/Users/PraveenKumar/RetinaNet/Img_data/Invoice_126.png,682,350,1250,427,ccNumber
C:/Users/PraveenKumar/RetinaNet/Img_data/Invoice_126.png,702,440,1636,520,Address
C:/Users/PraveenKumar/RetinaNet/Img_data/Invoice_126.png,57,450,346,500,DOB
C:/Users/PraveenKumar/RetinaNet/Img_data/Invoice_127.png,62,354,467,429,Name
C:/Users/PraveenKumar/RetinaNet/Img_data/Invoice_127.png,699,353,1313,422,ccNumber
C:/Users/PraveenKumar/RetinaNet/Img_data/Invoice_127.png,703,443,1638,508,Address
C:/Users/PraveenKumar/RetinaNet/Img_data/Invoice_127.png,78,445,369,508,DOB
C:/Users/PraveenKumar/RetinaNet/Img_data/Invoice_128.png,75,358,416,424,Name
C:/Users/PraveenKumar/RetinaNet/Img_data/Invoice_128.png,700,359,1263,421,ccNumber
C:/Users/PraveenKumar/RetinaNet/Img_data/Invoice_128.png,705,453,1648,494,Address
C:/Users/PraveenKumar/RetinaNet/Img_data/Invoice_128.png,83,448,351,505,DOB
C:/Users/PraveenKumar/RetinaNet/Img_data/Invoice_129.png,75,366,423,419,Name
C:/Users/PraveenKumar/RetinaNet/Img_data/Invoice_129.png,696,360,1273,423,ccNumber
C:/Users/PraveenKumar/RetinaNet/Img_data/Invoice_129.png,706,448,1488,508,Address
C:/Users/PraveenKumar/RetinaNet/Img_data/Invoice_129.png,74,446,356,495,DOB
C:/Users/PraveenKumar/RetinaNet/Img_data/Invoice_13.png,64,364,379,419,Name
C:/Users/PraveenKumar/RetinaNet/Img_data/Invoice_13.png,72,444,404,504,DOB
C:/Users/PraveenKumar/RetinaNet/Img_data/Invoice_13.png,704,362,1259,424,ccNumber
C:/Users/PraveenKumar/RetinaNet/Img_data/Invoice_13.png,699,439,1432,504,Address
C:/Users/PraveenKumar/RetinaNet/Img_data/Invoice_130.png,70,368,386,419,Name
C:/Users/PraveenKumar/RetinaNet/Img_data/Invoice_130.png,691,365,1305,423,ccNumber
C:/Users/PraveenKumar/RetinaNet/Img_data/Invoice_130.png,701,448,1519,509,Address
C:/Users/PraveenKumar/RetinaNet/Img_data/Invoice_130.png,68,448,358,509,DOB
C:/Users/PraveenKumar/RetinaNet/Img_data/Invoice_131.png,64,353,481,423,Name
C:/Users/PraveenKumar/RetinaNet/Img_data/Invoice_131.png,704,366,1296,421,ccNumber
C:/Users/PraveenKumar/RetinaNet/Img_data/Invoice_131.png,711,450,1650,500,Address
C:/Users/PraveenKumar/RetinaNet/Img_data/Invoice_131.png,83,448,344,499,DOB
C:/Users/PraveenKumar/RetinaNet/Img_data/Invoice_132.png,78,370,374,415,Name
C:/Users/PraveenKumar/RetinaNet/Img_data/Invoice_132.png,700,358,1295,419,ccNumber
C:/Users/PraveenKumar/RetinaNet/Img_data/Invoice_132.png,711,443,1419,505,Address
C:/Users/PraveenKumar/RetinaNet/Img_data/Invoice_132.png,64,448,346,499,DOB
C:/Users/PraveenKumar/RetinaNet/Img_data/Invoice_133.png,55,339,370,414,Name
C:/Users/PraveenKumar/RetinaNet/Img_data/Invoice_133.png,687,333,1317,423,ccNumber
C:/Users/PraveenKumar/RetinaNet/Img_data/Invoice_133.png,75,447,362,511,DOB
C:/Users/PraveenKumar/RetinaNet/Img_data/Invoice_133.png,703,443,1616,526,Address
C:/Users/PraveenKumar/RetinaNet/Img_data/Invoice_134.png,71,360,411,420,Name
C:/Users/PraveenKumar/RetinaNet/Img_data/Invoice_134.png,705,361,1293,425,ccNumber
C:/Users/PraveenKumar/RetinaNet/Img_data/Invoice_134.png,691,444,1614,524,Address
C:/Users/PraveenKumar/RetinaNet/Img_data/Invoice_134.png,83,440,364,508,DOB
C:/Users/PraveenKumar/RetinaNet/Img_data/Invoice_135.png,63,367,440,419,Name
C:/Users/PraveenKumar/RetinaNet/Img_data/Invoice_135.png,675,361,1259,420,ccNumber
C:/Users/PraveenKumar/RetinaNet/Img_data/Invoice_135.png,705,440,1579,517,Address
C:/Users/PraveenKumar/RetinaNet/Img_data/Invoice_135.png,75,449,392,524,DOB
C:/Users/PraveenKumar/RetinaNet/Img_data/Invoice_136.png,67,359,399,429,Name
C:/Users/PraveenKumar/RetinaNet/Img_data/Invoice_136.png,699,360,1312,421,ccNumber
C:/Users/PraveenKumar/RetinaNet/Img_data/Invoice_136.png,703,443,1463,519,Address
C:/Users/PraveenKumar/RetinaNet/Img_data/Invoice_136.png,60,447,367,511,DOB
C:/Users/PraveenKumar/RetinaNet/Img_data/Invoice_137.png,77,366,425,431,Name
C:/Users/PraveenKumar/RetinaNet/Img_data/Invoice_137.png,699,360,1286,417,ccNumber
C:/Users/PraveenKumar/RetinaNet/Img_data/Invoice_137.png,695,446,1579,506,Address
C:/Users/PraveenKumar/RetinaNet/Img_data/Invoice_137.png,75,454,365,501,DOB
C:/Users/PraveenKumar/RetinaNet/Img_data/Invoice_138.png,73,359,449,421,Name
C:/Users/PraveenKumar/RetinaNet/Img_data/Invoice_138.png,81,453,389,503,DOB
C:/Users/PraveenKumar/RetinaNet/Img_data/Invoice_138.png,694,355,1308,423,ccNumber
C:/Users/PraveenKumar/RetinaNet/Img_data/Invoice_138.png,713,455,1435,501,Address
C:/Users/PraveenKumar/RetinaNet/Img_data/Invoice_139.png,60,359,400,421,Name
C:/Users/PraveenKumar/RetinaNet/Img_data/Invoice_139.png,687,364,1273,423,ccNumber
C:/Users/PraveenKumar/RetinaNet/Img_data/Invoice_139.png,697,449,1253,507,Address
C:/Users/PraveenKumar/RetinaNet/Img_data/Invoice_139.png,72,440,362,510,DOB
C:/Users/PraveenKumar/RetinaNet/Img_data/Invoice_14.png,62,372,439,424,Name
C:/Users/PraveenKumar/RetinaNet/Img_data/Invoice_14.png,707,364,1314,417,ccNumber
C:/Users/PraveenKumar/RetinaNet/Img_data/Invoice_14.png,699,447,1464,517,Address
C:/Users/PraveenKumar/RetinaNet/Img_data/Invoice_14.png,67,444,414,502,DOB
C:/Users/PraveenKumar/RetinaNet/Img_data/Invoice_140.png,70,369,442,421,Name
C:/Users/PraveenKumar/RetinaNet/Img_data/Invoice_140.png,693,353,1276,421,ccNumber
C:/Users/PraveenKumar/RetinaNet/Img_data/Invoice_140.png,67,449,373,507,DOB
C:/Users/PraveenKumar/RetinaNet/Img_data/Invoice_140.png,700,446,1649,496,Address
C:/Users/PraveenKumar/RetinaNet/Img_data/Invoice_141.png,67,359,362,422,Name
C:/Users/PraveenKumar/RetinaNet/Img_data/Invoice_141.png,701,364,1281,419,ccNumber
C:/Users/PraveenKumar/RetinaNet/Img_data/Invoice_141.png,713,449,1610,504,Address
C:/Users/PraveenKumar/RetinaNet/Img_data/Invoice_141.png,79,441,396,504,DOB
C:/Users/PraveenKumar/RetinaNet/Img_data/Invoice_142.png,72,369,417,423,Name
C:/Users/PraveenKumar/RetinaNet/Img_data/Invoice_142.png,699,364,1296,417,ccNumber
C:/Users/PraveenKumar/RetinaNet/Img_data/Invoice_142.png,699,440,1472,517,Address
C:/Users/PraveenKumar/RetinaNet/Img_data/Invoice_142.png,76,444,390,500,DOB
C:/Users/PraveenKumar/RetinaNet/Img_data/Invoice_143.png,73,370,430,420,Name
C:/Users/PraveenKumar/RetinaNet/Img_data/Invoice_143.png,685,361,1320,426,ccNumber
C:/Users/PraveenKumar/RetinaNet/Img_data/Invoice_143.png,703,446,1593,507,Address
C:/Users/PraveenKumar/RetinaNet/Img_data/Invoice_143.png,67,443,363,507,DOB
C:/Users/PraveenKumar/RetinaNet/Img_data/Invoice_144.png,57,366,480,413,Name
C:/Users/PraveenKumar/RetinaNet/Img_data/Invoice_144.png,686,356,1306,420,ccNumber
C:/Users/PraveenKumar/RetinaNet/Img_data/Invoice_144.png,699,441,1565,507,Address
C:/Users/PraveenKumar/RetinaNet/Img_data/Invoice_144.png,70,439,372,507,DOB
C:/Users/PraveenKumar/RetinaNet/Img_data/Invoice_145.png,76,367,479,427,Name
C:/Users/PraveenKumar/RetinaNet/Img_data/Invoice_145.png,696,368,1273,425,ccNumber
C:/Users/PraveenKumar/RetinaNet/Img_data/Invoice_145.png,711,443,1573,508,Address
C:/Users/PraveenKumar/RetinaNet/Img_data/Invoice_145.png,74,448,368,508,DOB
C:/Users/PraveenKumar/RetinaNet/Img_data/Invoice_146.png,65,364,422,414,Name
C:/Users/PraveenKumar/RetinaNet/Img_data/Invoice_146.png,697,363,1302,424,ccNumber
C:/Users/PraveenKumar/RetinaNet/Img_data/Invoice_146.png,696,447,1562,507,Address
C:/Users/PraveenKumar/RetinaNet/Img_data/Invoice_146.png,69,450,373,507,DOB
C:/Users/PraveenKumar/RetinaNet/Img_data/Invoice_147.png,67,363,413,423,Name
C:/Users/PraveenKumar/RetinaNet/Img_data/Invoice_147.png,702,360,1307,414,ccNumber
C:/Users/PraveenKumar/RetinaNet/Img_data/Invoice_147.png,710,447,1489,516,Address
C:/Users/PraveenKumar/RetinaNet/Img_data/Invoice_147.png,75,447,379,501,DOB
C:/Users/PraveenKumar/RetinaNet/Img_data/Invoice_148.png,74,363,406,424,Name
C:/Users/PraveenKumar/RetinaNet/Img_data/Invoice_148.png,700,361,1274,425,ccNumber
C:/Users/PraveenKumar/RetinaNet/Img_data/Invoice_148.png,709,445,1464,519,Address
C:/Users/PraveenKumar/RetinaNet/Img_data/Invoice_148.png,81,450,358,503,DOB
C:/Users/PraveenKumar/RetinaNet/Img_data/Invoice_149.png,67,366,390,427,Name
C:/Users/PraveenKumar/RetinaNet/Img_data/Invoice_149.png,695,366,1292,419,ccNumber
C:/Users/PraveenKumar/RetinaNet/Img_data/Invoice_149.png,697,444,1306,504,Address
C:/Users/PraveenKumar/RetinaNet/Img_data/Invoice_149.png,76,450,350,503,DOB
C:/Users/PraveenKumar/RetinaNet/Img_data/Invoice_15.png,74,362,452,422,Name
C:/Users/PraveenKumar/RetinaNet/Img_data/Invoice_15.png,704,367,1317,417,ccNumber
C:/Users/PraveenKumar/RetinaNet/Img_data/Invoice_15.png,687,442,1642,509,Address
C:/Users/PraveenKumar/RetinaNet/Img_data/Invoice_15.png,52,449,377,504,DOB
C:/Users/PraveenKumar/RetinaNet/Img_data/Invoice_150.png,70,367,423,421,Name
C:/Users/PraveenKumar/RetinaNet/Img_data/Invoice_150.png,700,364,1260,414,ccNumber
C:/Users/PraveenKumar/RetinaNet/Img_data/Invoice_150.png,709,450,1472,504,Address
C:/Users/PraveenKumar/RetinaNet/Img_data/Invoice_150.png,67,451,366,493,DOB
C:/Users/PraveenKumar/RetinaNet/Img_data/Invoice_151.png,65,366,496,414,Name
C:/Users/PraveenKumar/RetinaNet/Img_data/Invoice_151.png,707,364,1315,423,ccNumber
C:/Users/PraveenKumar/RetinaNet/Img_data/Invoice_151.png,703,447,1425,503,Address
C:/Users/PraveenKumar/RetinaNet/Img_data/Invoice_151.png,73,440,349,491,DOB
C:/Users/PraveenKumar/RetinaNet/Img_data/Invoice_152.png,76,370,406,417,Name
C:/Users/PraveenKumar/RetinaNet/Img_data/Invoice_152.png,702,364,1303,420,ccNumber
C:/Users/PraveenKumar/RetinaNet/Img_data/Invoice_152.png,700,450,1569,501,Address
C:/Users/PraveenKumar/RetinaNet/Img_data/Invoice_152.png,73,446,366,500,DOB
C:/Users/PraveenKumar/RetinaNet/Img_data/Invoice_153.png,69,368,484,418,Name
C:/Users/PraveenKumar/RetinaNet/Img_data/Invoice_153.png,694,363,1338,428,ccNumber
C:/Users/PraveenKumar/RetinaNet/Img_data/Invoice_153.png,693,442,1571,507,Address
C:/Users/PraveenKumar/RetinaNet/Img_data/Invoice_153.png,66,440,354,503,DOB
C:/Users/PraveenKumar/RetinaNet/Img_data/Invoice_154.png,66,363,394,422,Name
C:/Users/PraveenKumar/RetinaNet/Img_data/Invoice_154.png,676,363,1296,418,ccNumber
C:/Users/PraveenKumar/RetinaNet/Img_data/Invoice_154.png,704,443,1471,508,Address
C:/Users/PraveenKumar/RetinaNet/Img_data/Invoice_154.png,71,443,364,507,DOB
C:/Users/PraveenKumar/RetinaNet/Img_data/Invoice_155.png,70,364,462,420,Name
C:/Users/PraveenKumar/RetinaNet/Img_data/Invoice_155.png,703,359,1302,421,ccNumber
C:/Users/PraveenKumar/RetinaNet/Img_data/Invoice_155.png,702,451,1649,516,Address
C:/Users/PraveenKumar/RetinaNet/Img_data/Invoice_155.png,67,446,372,501,DOB
C:/Users/PraveenKumar/RetinaNet/Img_data/Invoice_156.png,76,369,415,420,Name
C:/Users/PraveenKumar/RetinaNet/Img_data/Invoice_156.png,706,366,1339,423,ccNumber
C:/Users/PraveenKumar/RetinaNet/Img_data/Invoice_156.png,704,451,1528,525,Address
C:/Users/PraveenKumar/RetinaNet/Img_data/Invoice_156.png,65,440,409,503,DOB
C:/Users/PraveenKumar/RetinaNet/Img_data/Invoice_157.png,75,366,463,425,Name
C:/Users/PraveenKumar/RetinaNet/Img_data/Invoice_157.png,699,364,1296,425,ccNumber
C:/Users/PraveenKumar/RetinaNet/Img_data/Invoice_157.png,704,448,1420,504,Address
C:/Users/PraveenKumar/RetinaNet/Img_data/Invoice_157.png,75,454,364,500,DOB
C:/Users/PraveenKumar/RetinaNet/Img_data/Invoice_158.png,67,361,380,420,Name
C:/Users/PraveenKumar/RetinaNet/Img_data/Invoice_158.png,699,357,1427,420,ccNumber
C:/Users/PraveenKumar/RetinaNet/Img_data/Invoice_158.png,705,446,1649,514,Address
C:/Users/PraveenKumar/RetinaNet/Img_data/Invoice_158.png,75,444,357,506,DOB
C:/Users/PraveenKumar/RetinaNet/Img_data/Invoice_159.png,73,367,436,420,Name
C:/Users/PraveenKumar/RetinaNet/Img_data/Invoice_159.png,693,363,1307,417,ccNumber
C:/Users/PraveenKumar/RetinaNet/Img_data/Invoice_159.png,702,451,1472,503,Address
C:/Users/PraveenKumar/RetinaNet/Img_data/Invoice_159.png,72,454,419,496,DOB
C:/Users/PraveenKumar/RetinaNet/Img_data/Invoice_16.png,77,359,442,437,Name
C:/Users/PraveenKumar/RetinaNet/Img_data/Invoice_16.png,699,369,1262,422,ccNumber
C:/Users/PraveenKumar/RetinaNet/Img_data/Invoice_16.png,704,439,1449,509,Address
C:/Users/PraveenKumar/RetinaNet/Img_data/Invoice_16.png,62,447,449,514,DOB
C:/Users/PraveenKumar/RetinaNet/Img_data/Invoice_160.png,63,371,373,423,DOB
C:/Users/PraveenKumar/RetinaNet/Img_data/Invoice_160.png,700,364,1294,418,ccNumber
C:/Users/PraveenKumar/RetinaNet/Img_data/Invoice_160.png,693,445,1583,500,ccNumber
C:/Users/PraveenKumar/RetinaNet/Img_data/Invoice_160.png,70,446,376,500,ccNumber
C:/Users/PraveenKumar/RetinaNet/Img_data/Invoice_161.png,66,366,510,424,ccNumber
C:/Users/PraveenKumar/RetinaNet/Img_data/Invoice_161.png,692,356,1363,414,ccNumber
C:/Users/PraveenKumar/RetinaNet/Img_data/Invoice_161.png,700,444,1647,497,ccNumber
C:/Users/PraveenKumar/RetinaNet/Img_data/Invoice_161.png,60,450,355,507,DOB
C:/Users/PraveenKumar/RetinaNet/Img_data/Invoice_162.png,61,367,416,427,DOB
C:/Users/PraveenKumar/RetinaNet/Img_data/Invoice_162.png,698,352,1289,417,ccNumber
C:/Users/PraveenKumar/RetinaNet/Img_data/Invoice_162.png,706,448,1561,502,ccNumber
C:/Users/PraveenKumar/RetinaNet/Img_data/Invoice_162.png,79,450,406,503,DOB
C:/Users/PraveenKumar/RetinaNet/Img_data/Invoice_163.png,74,360,374,420,Name
C:/Users/PraveenKumar/RetinaNet/Img_data/Invoice_163.png,698,361,1374,415,ccNumber
C:/Users/PraveenKumar/RetinaNet/Img_data/Invoice_163.png,703,443,1535,506,Address
C:/Users/PraveenKumar/RetinaNet/Img_data/Invoice_163.png,65,449,361,504,DOB
C:/Users/PraveenKumar/RetinaNet/Img_data/Invoice_164.png,65,360,443,419,Name
C:/Users/PraveenKumar/RetinaNet/Img_data/Invoice_164.png,713,357,1319,423,ccNumber
C:/Users/PraveenKumar/RetinaNet/Img_data/Invoice_164.png,697,444,1497,504,Address
C:/Users/PraveenKumar/RetinaNet/Img_data/Invoice_164.png,77,449,357,507,DOB
C:/Users/PraveenKumar/RetinaNet/Img_data/Invoice_165.png,73,368,411,416,Name
C:/Users/PraveenKumar/RetinaNet/Img_data/Invoice_165.png,704,359,1298,420,ccNumber
C:/Users/PraveenKumar/RetinaNet/Img_data/Invoice_165.png,703,443,1544,505,Address
C:/Users/PraveenKumar/RetinaNet/Img_data/Invoice_165.png,70,448,360,504,DOB
C:/Users/PraveenKumar/RetinaNet/Img_data/Invoice_166.png,77,370,402,423,Name
C:/Users/PraveenKumar/RetinaNet/Img_data/Invoice_166.png,697,356,1277,416,ccNumber
C:/Users/PraveenKumar/RetinaNet/Img_data/Invoice_166.png,705,456,1590,504,Address
C:/Users/PraveenKumar/RetinaNet/Img_data/Invoice_166.png,67,441,427,494,DOB
C:/Users/PraveenKumar/RetinaNet/Img_data/Invoice_167.png,67,366,473,424,Name
C:/Users/PraveenKumar/RetinaNet/Img_data/Invoice_167.png,706,366,1372,416,ccNumber
C:/Users/PraveenKumar/RetinaNet/Img_data/Invoice_167.png,700,447,1616,513,Address
C:/Users/PraveenKumar/RetinaNet/Img_data/Invoice_167.png,75,453,367,499,DOB
C:/Users/PraveenKumar/RetinaNet/Img_data/Invoice_168.png,65,370,473,411,Name
C:/Users/PraveenKumar/RetinaNet/Img_data/Invoice_168.png,709,366,1302,417,ccNumber
C:/Users/PraveenKumar/RetinaNet/Img_data/Invoice_168.png,67,444,360,504,DOB
C:/Users/PraveenKumar/RetinaNet/Img_data/Invoice_168.png,702,449,1520,500,Address
C:/Users/PraveenKumar/RetinaNet/Img_data/Invoice_169.png,72,357,423,416,Name
C:/Users/PraveenKumar/RetinaNet/Img_data/Invoice_169.png,695,360,1305,416,ccNumber
C:/Users/PraveenKumar/RetinaNet/Img_data/Invoice_169.png,75,440,362,501,DOB
C:/Users/PraveenKumar/RetinaNet/Img_data/Invoice_169.png,699,449,1654,515,Address
C:/Users/PraveenKumar/RetinaNet/Img_data/Invoice_17.png,67,362,414,419,Name
C:/Users/PraveenKumar/RetinaNet/Img_data/Invoice_17.png,64,432,409,499,DOB
C:/Users/PraveenKumar/RetinaNet/Img_data/Invoice_17.png,699,354,1294,422,ccNumber
C:/Users/PraveenKumar/RetinaNet/Img_data/Invoice_17.png,689,442,1597,509,Address
C:/Users/PraveenKumar/RetinaNet/Img_data/Invoice_170.png,69,363,546,414,Name
C:/Users/PraveenKumar/RetinaNet/Img_data/Invoice_170.png,699,371,1276,417,ccNumber
C:/Users/PraveenKumar/RetinaNet/Img_data/Invoice_170.png,709,449,1483,520,Address
C:/Users/PraveenKumar/RetinaNet/Img_data/Invoice_170.png,73,447,366,493,DOB
C:/Users/PraveenKumar/RetinaNet/Img_data/Invoice_171.png,66,368,401,413,Name
C:/Users/PraveenKumar/RetinaNet/Img_data/Invoice_171.png,695,363,1301,423,ccNumber
C:/Users/PraveenKumar/RetinaNet/Img_data/Invoice_171.png,694,450,1513,498,Address
C:/Users/PraveenKumar/RetinaNet/Img_data/Invoice_171.png,69,440,359,500,DOB
C:/Users/PraveenKumar/RetinaNet/Img_data/Invoice_172.png,65,359,406,424,Name
C:/Users/PraveenKumar/RetinaNet/Img_data/Invoice_172.png,706,359,1259,416,ccNumber
C:/Users/PraveenKumar/RetinaNet/Img_data/Invoice_172.png,707,441,1636,516,Address
C:/Users/PraveenKumar/RetinaNet/Img_data/Invoice_172.png,73,443,423,509,DOB
C:/Users/PraveenKumar/RetinaNet/Img_data/Invoice_173.png,69,365,423,417,Name
C:/Users/PraveenKumar/RetinaNet/Img_data/Invoice_173.png,694,361,1289,420,ccNumber
C:/Users/PraveenKumar/RetinaNet/Img_data/Invoice_173.png,711,440,1581,515,Address
C:/Users/PraveenKumar/RetinaNet/Img_data/Invoice_173.png,75,448,444,500,DOB
C:/Users/PraveenKumar/RetinaNet/Img_data/Invoice_174.png,68,370,424,420,Name
C:/Users/PraveenKumar/RetinaNet/Img_data/Invoice_174.png,696,355,1328,420,ccNumber
C:/Users/PraveenKumar/RetinaNet/Img_data/Invoice_174.png,703,443,1614,500,Address
C:/Users/PraveenKumar/RetinaNet/Img_data/Invoice_174.png,73,442,371,503,DOB
C:/Users/PraveenKumar/RetinaNet/Img_data/Invoice_175.png,69,356,373,420,Name
C:/Users/PraveenKumar/RetinaNet/Img_data/Invoice_175.png,697,363,1257,419,ccNumber
C:/Users/PraveenKumar/RetinaNet/Img_data/Invoice_175.png,702,449,1599,506,Address
C:/Users/PraveenKumar/RetinaNet/Img_data/Invoice_175.png,72,449,366,497,DOB
C:/Users/PraveenKumar/RetinaNet/Img_data/Invoice_176.png,75,371,433,423,Name
C:/Users/PraveenKumar/RetinaNet/Img_data/Invoice_176.png,702,364,1312,423,ccNumber
C:/Users/PraveenKumar/RetinaNet/Img_data/Invoice_176.png,703,450,1430,497,Address
C:/Users/PraveenKumar/RetinaNet/Img_data/Invoice_176.png,62,439,397,503,DOB
C:/Users/PraveenKumar/RetinaNet/Img_data/Invoice_177.png,67,364,437,417,Name
C:/Users/PraveenKumar/RetinaNet/Img_data/Invoice_177.png,687,361,1327,420,ccNumber
C:/Users/PraveenKumar/RetinaNet/Img_data/Invoice_177.png,697,441,1596,516,Address
C:/Users/PraveenKumar/RetinaNet/Img_data/Invoice_177.png,59,443,397,501,DOB
C:/Users/PraveenKumar/RetinaNet/Img_data/Invoice_178.png,66,359,453,410,Name
C:/Users/PraveenKumar/RetinaNet/Img_data/Invoice_178.png,705,363,1297,417,ccNumber
C:/Users/PraveenKumar/RetinaNet/Img_data/Invoice_178.png,705,439,1527,500,Address
C:/Users/PraveenKumar/RetinaNet/Img_data/Invoice_178.png,72,440,422,514,DOB
C:/Users/PraveenKumar/RetinaNet/Img_data/Invoice_179.png,63,363,461,425,Name
C:/Users/PraveenKumar/RetinaNet/Img_data/Invoice_179.png,688,360,1288,415,ccNumber
C:/Users/PraveenKumar/RetinaNet/Img_data/Invoice_179.png,709,440,1414,510,Address
C:/Users/PraveenKumar/RetinaNet/Img_data/Invoice_179.png,66,453,399,503,Address
C:/Users/PraveenKumar/RetinaNet/Img_data/Invoice_18.png,59,369,379,424,Name
C:/Users/PraveenKumar/RetinaNet/Img_data/Invoice_18.png,694,369,1279,417,ccNumber
C:/Users/PraveenKumar/RetinaNet/Img_data/Invoice_18.png,697,449,1557,512,Address
C:/Users/PraveenKumar/RetinaNet/Img_data/Invoice_18.png,67,442,422,492,DOB
C:/Users/PraveenKumar/RetinaNet/Img_data/Invoice_180.png,66,364,427,424,Name
C:/Users/PraveenKumar/RetinaNet/Img_data/Invoice_180.png,695,357,1345,419,ccNumber
C:/Users/PraveenKumar/RetinaNet/Img_data/Invoice_180.png,702,441,1572,503,Address
C:/Users/PraveenKumar/RetinaNet/Img_data/Invoice_180.png,66,449,433,504,DOB
C:/Users/PraveenKumar/RetinaNet/Img_data/Invoice_181.png,66,365,426,413,Name
C:/Users/PraveenKumar/RetinaNet/Img_data/Invoice_181.png,704,364,1251,423,ccNumber
C:/Users/PraveenKumar/RetinaNet/Img_data/Invoice_181.png,700,448,1399,496,ccNumber
C:/Users/PraveenKumar/RetinaNet/Img_data/Invoice_181.png,78,453,413,509,ccNumber
C:/Users/PraveenKumar/RetinaNet/Img_data/Invoice_182.png,76,361,455,430,Name
C:/Users/PraveenKumar/RetinaNet/Img_data/Invoice_182.png,696,356,1376,436,ccNumber
C:/Users/PraveenKumar/RetinaNet/Img_data/Invoice_182.png,707,453,1592,520,Address
C:/Users/PraveenKumar/RetinaNet/Img_data/Invoice_182.png,70,450,355,504,DOB
C:/Users/PraveenKumar/RetinaNet/Img_data/Invoice_183.png,70,369,543,424,Name
C:/Users/PraveenKumar/RetinaNet/Img_data/Invoice_183.png,702,364,1302,421,ccNumber
C:/Users/PraveenKumar/RetinaNet/Img_data/Invoice_183.png,693,440,1482,507,Address
C:/Users/PraveenKumar/RetinaNet/Img_data/Invoice_183.png,69,444,393,513,DOB
C:/Users/PraveenKumar/RetinaNet/Img_data/Invoice_184.png,72,363,422,429,Name
C:/Users/PraveenKumar/RetinaNet/Img_data/Invoice_184.png,700,367,1243,431,ccNumber
C:/Users/PraveenKumar/RetinaNet/Img_data/Invoice_184.png,699,443,1566,503,Address
C:/Users/PraveenKumar/RetinaNet/Img_data/Invoice_184.png,75,443,403,500,DOB
C:/Users/PraveenKumar/RetinaNet/Img_data/Invoice_185.png,68,359,463,418,Name
C:/Users/PraveenKumar/RetinaNet/Img_data/Invoice_185.png,708,363,1300,415,ccNumber
C:/Users/PraveenKumar/RetinaNet/Img_data/Invoice_185.png,701,449,1568,501,Address
C:/Users/PraveenKumar/RetinaNet/Img_data/Invoice_185.png,65,441,364,511,DOB
C:/Users/PraveenKumar/RetinaNet/Img_data/Invoice_186.png,67,353,447,419,Name
C:/Users/PraveenKumar/RetinaNet/Img_data/Invoice_186.png,682,353,1263,423,ccNumber
C:/Users/PraveenKumar/RetinaNet/Img_data/Invoice_186.png,709,444,1529,531,Address
C:/Users/PraveenKumar/RetinaNet/Img_data/Invoice_186.png,63,441,412,509,DOB
C:/Users/PraveenKumar/RetinaNet/Img_data/Invoice_187.png,59,358,438,418,DOB
C:/Users/PraveenKumar/RetinaNet/Img_data/Invoice_187.png,703,352,1334,427,ccNumber
C:/Users/PraveenKumar/RetinaNet/Img_data/Invoice_187.png,704,447,1539,515,Address
C:/Users/PraveenKumar/RetinaNet/Img_data/Invoice_187.png,68,442,364,507,DOB
C:/Users/PraveenKumar/RetinaNet/Img_data/Invoice_188.png,60,359,393,420,Name
C:/Users/PraveenKumar/RetinaNet/Img_data/Invoice_188.png,691,361,1316,424,ccNumber
C:/Users/PraveenKumar/RetinaNet/Img_data/Invoice_188.png,701,440,1461,508,Address
C:/Users/PraveenKumar/RetinaNet/Img_data/Invoice_188.png,70,448,353,491,DOB
C:/Users/PraveenKumar/RetinaNet/Img_data/Invoice_189.png,71,373,410,421,Name
C:/Users/PraveenKumar/RetinaNet/Img_data/Invoice_189.png,693,365,1253,423,ccNumber
C:/Users/PraveenKumar/RetinaNet/Img_data/Invoice_189.png,693,451,1294,500,Address
C:/Users/PraveenKumar/RetinaNet/Img_data/Invoice_189.png,74,446,410,500,DOB
C:/Users/PraveenKumar/RetinaNet/Img_data/Invoice_19.png,69,362,492,424,Name
C:/Users/PraveenKumar/RetinaNet/Img_data/Invoice_19.png,699,374,1304,427,ccNumber
C:/Users/PraveenKumar/RetinaNet/Img_data/Invoice_19.png,59,447,379,504,DOB
C:/Users/PraveenKumar/RetinaNet/Img_data/Invoice_19.png,699,444,1474,499,Address
C:/Users/PraveenKumar/RetinaNet/Img_data/Invoice_190.png,69,367,463,421,Name
C:/Users/PraveenKumar/RetinaNet/Img_data/Invoice_190.png,693,361,1306,414,ccNumber
C:/Users/PraveenKumar/RetinaNet/Img_data/Invoice_190.png,695,440,1654,503,Address
C:/Users/PraveenKumar/RetinaNet/Img_data/Invoice_190.png,77,447,402,503,DOB
C:/Users/PraveenKumar/RetinaNet/Img_data/Invoice_191.png,69,367,425,420,Name
C:/Users/PraveenKumar/RetinaNet/Img_data/Invoice_191.png,699,357,1320,421,ccNumber
C:/Users/PraveenKumar/RetinaNet/Img_data/Invoice_191.png,707,449,1463,516,Address
C:/Users/PraveenKumar/RetinaNet/Img_data/Invoice_191.png,76,449,377,510,DOB
C:/Users/PraveenKumar/RetinaNet/Img_data/Invoice_192.png,60,361,390,424,Name
C:/Users/PraveenKumar/RetinaNet/Img_data/Invoice_192.png,692,349,1239,419,ccNumber
C:/Users/PraveenKumar/RetinaNet/Img_data/Invoice_192.png,707,449,1603,500,Address
C:/Users/PraveenKumar/RetinaNet/Img_data/Invoice_192.png,79,459,356,496,DOB
C:/Users/PraveenKumar/RetinaNet/Img_data/Invoice_193.png,71,364,394,418,Name
C:/Users/PraveenKumar/RetinaNet/Img_data/Invoice_193.png,700,365,1306,421,ccNumber
C:/Users/PraveenKumar/RetinaNet/Img_data/Invoice_193.png,695,445,1551,515,Address
C:/Users/PraveenKumar/RetinaNet/Img_data/Invoice_193.png,59,444,406,516,DOB
C:/Users/PraveenKumar/RetinaNet/Img_data/Invoice_194.png,65,357,377,411,Name
C:/Users/PraveenKumar/RetinaNet/Img_data/Invoice_194.png,683,351,1299,420,ccNumber
C:/Users/PraveenKumar/RetinaNet/Img_data/Invoice_194.png,695,443,1550,509,Address
C:/Users/PraveenKumar/RetinaNet/Img_data/Invoice_194.png,75,450,360,499,DOB
C:/Users/PraveenKumar/RetinaNet/Img_data/Invoice_195.png,66,358,385,418,Name
C:/Users/PraveenKumar/RetinaNet/Img_data/Invoice_195.png,703,365,1293,419,ccNumber
C:/Users/PraveenKumar/RetinaNet/Img_data/Invoice_195.png,699,449,1280,504,Address
C:/Users/PraveenKumar/RetinaNet/Img_data/Invoice_195.png,69,445,364,494,DOB
C:/Users/PraveenKumar/RetinaNet/Img_data/Invoice_196.png,67,364,400,420,Name
C:/Users/PraveenKumar/RetinaNet/Img_data/Invoice_196.png,693,354,1340,416,ccNumber
C:/Users/PraveenKumar/RetinaNet/Img_data/Invoice_196.png,705,443,1472,506,Address
C:/Users/PraveenKumar/RetinaNet/Img_data/Invoice_196.png,75,451,353,497,DOB
C:/Users/PraveenKumar/RetinaNet/Img_data/Invoice_197.png,66,363,379,420,Name
C:/Users/PraveenKumar/RetinaNet/Img_data/Invoice_197.png,695,360,1287,413,ccNumber
C:/Users/PraveenKumar/RetinaNet/Img_data/Invoice_197.png,699,446,1446,513,Address
C:/Users/PraveenKumar/RetinaNet/Img_data/Invoice_197.png,67,444,362,501,DOB
C:/Users/PraveenKumar/RetinaNet/Img_data/Invoice_198.png,55,363,379,411,Name
C:/Users/PraveenKumar/RetinaNet/Img_data/Invoice_198.png,688,351,1314,416,ccNumber
C:/Users/PraveenKumar/RetinaNet/Img_data/Invoice_198.png,698,435,1536,506,Address
C:/Users/PraveenKumar/RetinaNet/Img_data/Invoice_198.png,73,443,349,505,DOB
C:/Users/PraveenKumar/RetinaNet/Img_data/Invoice_199.png,62,356,440,424,Name
C:/Users/PraveenKumar/RetinaNet/Img_data/Invoice_199.png,697,346,1279,419,ccNumber
C:/Users/PraveenKumar/RetinaNet/Img_data/Invoice_199.png,705,441,1497,537,Address
C:/Users/PraveenKumar/RetinaNet/Img_data/Invoice_199.png,75,443,382,511,DOB
C:/Users/PraveenKumar/RetinaNet/Img_data/Invoice_2.png,74,354,419,417,Name
C:/Users/PraveenKumar/RetinaNet/Img_data/Invoice_2.png,692,372,1314,422,ccNumber
C:/Users/PraveenKumar/RetinaNet/Img_data/Invoice_2.png,67,439,379,507,DOB
C:/Users/PraveenKumar/RetinaNet/Img_data/Invoice_2.png,704,442,1654,502,Address
C:/Users/PraveenKumar/RetinaNet/Img_data/Invoice_20.png,59,362,424,427,Name
C:/Users/PraveenKumar/RetinaNet/Img_data/Invoice_20.png,704,357,1362,422,ccNumber
C:/Users/PraveenKumar/RetinaNet/Img_data/Invoice_20.png,79,452,377,502,DOB
C:/Users/PraveenKumar/RetinaNet/Img_data/Invoice_20.png,704,447,1487,509,Address
C:/Users/PraveenKumar/RetinaNet/Img_data/Invoice_200.png,60,360,439,427,Name
C:/Users/PraveenKumar/RetinaNet/Img_data/Invoice_200.png,702,356,1295,421,ccNumber
C:/Users/PraveenKumar/RetinaNet/Img_data/Invoice_200.png,695,444,1610,503,Address
C:/Users/PraveenKumar/RetinaNet/Img_data/Invoice_200.png,67,446,383,500,DOB
C:/Users/PraveenKumar/RetinaNet/Img_data/Invoice_21.png,66,369,412,421,Address
C:/Users/PraveenKumar/RetinaNet/Img_data/Invoice_21.png,705,367,1269,420,ccNumber
C:/Users/PraveenKumar/RetinaNet/Img_data/Invoice_21.png,713,446,1283,520,Address
C:/Users/PraveenKumar/RetinaNet/Img_data/Invoice_21.png,69,450,385,494,DOB
C:/Users/PraveenKumar/RetinaNet/Img_data/Invoice_22.png,72,370,369,417,Name
C:/Users/PraveenKumar/RetinaNet/Img_data/Invoice_22.png,696,369,1277,424,ccNumber
C:/Users/PraveenKumar/RetinaNet/Img_data/Invoice_22.png,706,450,1543,510,Address
C:/Users/PraveenKumar/RetinaNet/Img_data/Invoice_22.png,76,450,376,504,DOB
C:/Users/PraveenKumar/RetinaNet/Img_data/Invoice_23.png,75,360,393,417,Name
C:/Users/PraveenKumar/RetinaNet/Img_data/Invoice_23.png,689,361,1240,423,ccNumber
C:/Users/PraveenKumar/RetinaNet/Img_data/Invoice_23.png,73,449,352,500,DOB
C:/Users/PraveenKumar/RetinaNet/Img_data/Invoice_23.png,703,451,1437,506,Address
C:/Users/PraveenKumar/RetinaNet/Img_data/Invoice_24.png,77,370,403,426,Name
C:/Users/PraveenKumar/RetinaNet/Img_data/Invoice_24.png,690,370,1305,421,ccNumber
C:/Users/PraveenKumar/RetinaNet/Img_data/Invoice_24.png,692,447,1607,510,Address
C:/Users/PraveenKumar/RetinaNet/Img_data/Invoice_24.png,60,453,419,499,DOB
C:/Users/PraveenKumar/RetinaNet/Img_data/Invoice_25.png,76,364,423,421,Name
C:/Users/PraveenKumar/RetinaNet/Img_data/Invoice_25.png,700,365,1311,411,ccNumber
C:/Users/PraveenKumar/RetinaNet/Img_data/Invoice_25.png,711,449,1654,499,Address
C:/Users/PraveenKumar/RetinaNet/Img_data/Invoice_25.png,79,443,350,505,DOB
C:/Users/PraveenKumar/RetinaNet/Img_data/Invoice_26.png,59,366,366,420,Name
C:/Users/PraveenKumar/RetinaNet/Img_data/Invoice_26.png,67,450,357,497,DOB
C:/Users/PraveenKumar/RetinaNet/Img_data/Invoice_26.png,706,370,1342,424,ccNumber
C:/Users/PraveenKumar/RetinaNet/Img_data/Invoice_26.png,709,449,1363,501,Address
C:/Users/PraveenKumar/RetinaNet/Img_data/Invoice_27.png,75,370,425,426,Name
C:/Users/PraveenKumar/RetinaNet/Img_data/Invoice_27.png,703,371,1302,421,ccNumber
C:/Users/PraveenKumar/RetinaNet/Img_data/Invoice_27.png,715,450,1653,510,Address
C:/Users/PraveenKumar/RetinaNet/Img_data/Invoice_27.png,69,449,366,496,DOB
C:/Users/PraveenKumar/RetinaNet/Img_data/Invoice_28.png,66,367,469,420,Name
C:/Users/PraveenKumar/RetinaNet/Img_data/Invoice_28.png,704,365,1291,423,ccNumber
C:/Users/PraveenKumar/RetinaNet/Img_data/Invoice_28.png,698,447,1583,497,Address
C:/Users/PraveenKumar/RetinaNet/Img_data/Invoice_28.png,69,447,384,500,DOB
C:/Users/PraveenKumar/RetinaNet/Img_data/Invoice_29.png,66,370,446,426,Name
C:/Users/PraveenKumar/RetinaNet/Img_data/Invoice_29.png,693,364,1289,424,ccNumber
C:/Users/PraveenKumar/RetinaNet/Img_data/Invoice_29.png,67,446,396,510,DOB
C:/Users/PraveenKumar/RetinaNet/Img_data/Invoice_29.png,699,444,1565,524,Address
C:/Users/PraveenKumar/RetinaNet/Img_data/Invoice_3.png,72,359,357,427,Name
C:/Users/PraveenKumar/RetinaNet/Img_data/Invoice_3.png,709,352,1287,427,ccNumber
C:/Users/PraveenKumar/RetinaNet/Img_data/Invoice_3.png,72,444,404,502,DOB
C:/Users/PraveenKumar/RetinaNet/Img_data/Invoice_3.png,699,457,1622,514,Address
C:/Users/PraveenKumar/RetinaNet/Img_data/Invoice_30.png,72,370,425,420,Name
C:/Users/PraveenKumar/RetinaNet/Img_data/Invoice_30.png,710,369,1296,427,ccNumber
C:/Users/PraveenKumar/RetinaNet/Img_data/Invoice_30.png,703,446,1452,496,Address
C:/Users/PraveenKumar/RetinaNet/Img_data/Invoice_30.png,63,449,367,497,DOB
C:/Users/PraveenKumar/RetinaNet/Img_data/Invoice_31.png,75,370,441,419,Name
C:/Users/PraveenKumar/RetinaNet/Img_data/Invoice_31.png,705,368,1266,420,ccNumber
C:/Users/PraveenKumar/RetinaNet/Img_data/Invoice_31.png,693,449,1451,508,Address
C:/Users/PraveenKumar/RetinaNet/Img_data/Invoice_31.png,75,446,354,503,DOB
C:/Users/PraveenKumar/RetinaNet/Img_data/Invoice_32.png,73,366,443,421,Name
C:/Users/PraveenKumar/RetinaNet/Img_data/Invoice_32.png,702,369,1230,419,ccNumber
C:/Users/PraveenKumar/RetinaNet/Img_data/Invoice_32.png,709,443,1546,506,Address
C:/Users/PraveenKumar/RetinaNet/Img_data/Invoice_32.png,67,447,397,499,DOB
C:/Users/PraveenKumar/RetinaNet/Img_data/Invoice_33.png,73,366,439,420,Name
C:/Users/PraveenKumar/RetinaNet/Img_data/Invoice_33.png,706,363,1305,420,ccNumber
C:/Users/PraveenKumar/RetinaNet/Img_data/Invoice_33.png,695,447,1597,504,Address
C:/Users/PraveenKumar/RetinaNet/Img_data/Invoice_33.png,73,447,370,493,DOB
C:/Users/PraveenKumar/RetinaNet/Img_data/Invoice_34.png,69,366,409,423,Name
C:/Users/PraveenKumar/RetinaNet/Img_data/Invoice_34.png,705,370,1305,420,ccNumber
C:/Users/PraveenKumar/RetinaNet/Img_data/Invoice_34.png,700,449,1482,506,Address
C:/Users/PraveenKumar/RetinaNet/Img_data/Invoice_34.png,76,440,407,507,DOB
C:/Users/PraveenKumar/RetinaNet/Img_data/Invoice_35.png,70,360,390,424,Name
C:/Users/PraveenKumar/RetinaNet/Img_data/Invoice_35.png,700,361,1287,419,ccNumber
C:/Users/PraveenKumar/RetinaNet/Img_data/Invoice_35.png,705,441,1317,509,Address
C:/Users/PraveenKumar/RetinaNet/Img_data/Invoice_35.png,73,444,359,499,DOB
C:/Users/PraveenKumar/RetinaNet/Img_data/Invoice_36.png,69,369,463,421,Name
C:/Users/PraveenKumar/RetinaNet/Img_data/Invoice_36.png,706,366,1285,424,ccNumber
C:/Users/PraveenKumar/RetinaNet/Img_data/Invoice_36.png,707,446,1407,509,Address
C:/Users/PraveenKumar/RetinaNet/Img_data/Invoice_36.png,75,449,355,496,DOB
C:/Users/PraveenKumar/RetinaNet/Img_data/Invoice_37.png,60,356,447,427,Name
C:/Users/PraveenKumar/RetinaNet/Img_data/Invoice_37.png,697,350,1310,429,ccNumber
C:/Users/PraveenKumar/RetinaNet/Img_data/Invoice_37.png,66,447,370,499,DOB
C:/Users/PraveenKumar/RetinaNet/Img_data/Invoice_37.png,707,447,1645,530,Address
C:/Users/PraveenKumar/RetinaNet/Img_data/Invoice_38.png,71,370,441,418,Name
C:/Users/PraveenKumar/RetinaNet/Img_data/Invoice_38.png,706,369,1296,426,ccNumber
C:/Users/PraveenKumar/RetinaNet/Img_data/Invoice_38.png,706,448,1599,496,Address
C:/Users/PraveenKumar/RetinaNet/Img_data/Invoice_38.png,75,450,346,499,DOB
C:/Users/PraveenKumar/RetinaNet/Img_data/Invoice_39.png,75,369,359,423,Name
C:/Users/PraveenKumar/RetinaNet/Img_data/Invoice_39.png,690,359,1262,427,ccNumber
C:/Users/PraveenKumar/RetinaNet/Img_data/Invoice_39.png,697,443,1416,520,Address
C:/Users/PraveenKumar/RetinaNet/Img_data/Invoice_39.png,73,449,370,491,DOB
C:/Users/PraveenKumar/RetinaNet/Img_data/Invoice_4.png,79,364,367,419,Name
C:/Users/PraveenKumar/RetinaNet/Img_data/Invoice_4.png,707,362,1319,427,ccNumber
C:/Users/PraveenKumar/RetinaNet/Img_data/Invoice_4.png,74,442,377,504,DOB
C:/Users/PraveenKumar/RetinaNet/Img_data/Invoice_4.png,692,449,1542,499,Address
C:/Users/PraveenKumar/RetinaNet/Img_data/Invoice_40.png,72,360,405,419,Name
C:/Users/PraveenKumar/RetinaNet/Img_data/Invoice_40.png,697,366,1279,423,ccNumber
C:/Users/PraveenKumar/RetinaNet/Img_data/Invoice_40.png,695,449,1523,526,Address
C:/Users/PraveenKumar/RetinaNet/Img_data/Invoice_40.png,57,444,403,511,DOB
C:/Users/PraveenKumar/RetinaNet/Img_data/Invoice_41.png,75,371,404,416,Name
C:/Users/PraveenKumar/RetinaNet/Img_data/Invoice_41.png,706,370,1360,425,ccNumber
C:/Users/PraveenKumar/RetinaNet/Img_data/Invoice_41.png,705,449,1534,505,Address
C:/Users/PraveenKumar/RetinaNet/Img_data/Invoice_41.png,75,453,383,501,DOB
C:/Users/PraveenKumar/RetinaNet/Img_data/Invoice_42.png,69,364,427,421,Name
C:/Users/PraveenKumar/RetinaNet/Img_data/Invoice_42.png,706,369,1350,417,ccNumber
C:/Users/PraveenKumar/RetinaNet/Img_data/Invoice_42.png,706,446,1466,511,Address
C:/Users/PraveenKumar/RetinaNet/Img_data/Invoice_42.png,66,447,403,500,DOB
C:/Users/PraveenKumar/RetinaNet/Img_data/Invoice_43.png,76,366,398,428,Name
C:/Users/PraveenKumar/RetinaNet/Img_data/Invoice_43.png,701,358,1308,436,ccNumber
C:/Users/PraveenKumar/RetinaNet/Img_data/Invoice_43.png,704,450,1445,513,Address
C:/Users/PraveenKumar/RetinaNet/Img_data/Invoice_43.png,71,448,400,508,DOB
C:/Users/PraveenKumar/RetinaNet/Img_data/Invoice_44.png,73,367,406,427,Name
C:/Users/PraveenKumar/RetinaNet/Img_data/Invoice_44.png,683,366,1297,421,ccNumber
C:/Users/PraveenKumar/RetinaNet/Img_data/Invoice_44.png,703,447,1467,507,Address
C:/Users/PraveenKumar/RetinaNet/Img_data/Invoice_44.png,72,447,382,501,DOB
C:/Users/PraveenKumar/RetinaNet/Img_data/Invoice_45.png,73,369,460,426,Name
C:/Users/PraveenKumar/RetinaNet/Img_data/Invoice_45.png,699,373,1245,421,ccNumber
C:/Users/PraveenKumar/RetinaNet/Img_data/Invoice_45.png,710,446,1613,516,Address
C:/Users/PraveenKumar/RetinaNet/Img_data/Invoice_45.png,63,446,377,496,DOB
C:/Users/PraveenKumar/RetinaNet/Img_data/Invoice_46.png,69,370,416,426,Name
C:/Users/PraveenKumar/RetinaNet/Img_data/Invoice_46.png,693,363,1309,426,ccNumber
C:/Users/PraveenKumar/RetinaNet/Img_data/Invoice_46.png,703,441,1545,509,Address
C:/Users/PraveenKumar/RetinaNet/Img_data/Invoice_46.png,69,449,357,506,DOB
C:/Users/PraveenKumar/RetinaNet/Img_data/Invoice_47.png,68,367,396,420,Name
C:/Users/PraveenKumar/RetinaNet/Img_data/Invoice_47.png,698,362,1293,412,ccNumber
C:/Users/PraveenKumar/RetinaNet/Img_data/Invoice_47.png,703,452,1361,507,Address
C:/Users/PraveenKumar/RetinaNet/Img_data/Invoice_47.png,63,443,373,503,DOB
C:/Users/PraveenKumar/RetinaNet/Img_data/Invoice_48.png,76,364,430,427,Name
C:/Users/PraveenKumar/RetinaNet/Img_data/Invoice_48.png,696,367,1320,429,ccNumber
C:/Users/PraveenKumar/RetinaNet/Img_data/Invoice_48.png,703,446,1442,510,Address
C:/Users/PraveenKumar/RetinaNet/Img_data/Invoice_48.png,60,451,433,500,DOB
C:/Users/PraveenKumar/RetinaNet/Img_data/Invoice_49.png,75,366,420,419,Name
C:/Users/PraveenKumar/RetinaNet/Img_data/Invoice_49.png,700,368,1333,415,ccNumber
C:/Users/PraveenKumar/RetinaNet/Img_data/Invoice_49.png,706,445,1553,503,Address
C:/Users/PraveenKumar/RetinaNet/Img_data/Invoice_49.png,64,448,444,509,DOB
C:/Users/PraveenKumar/RetinaNet/Img_data/Invoice_5.png,82,364,467,427,Name
C:/Users/PraveenKumar/RetinaNet/Img_data/Invoice_5.png,697,359,1284,429,ccNumber
C:/Users/PraveenKumar/RetinaNet/Img_data/Invoice_5.png,69,442,372,504,DOB
C:/Users/PraveenKumar/RetinaNet/Img_data/Invoice_5.png,704,442,1534,507,Address
C:/Users/PraveenKumar/RetinaNet/Img_data/Invoice_50.png,74,375,498,424,Name
C:/Users/PraveenKumar/RetinaNet/Img_data/Invoice_50.png,700,360,1299,425,ccNumber
C:/Users/PraveenKumar/RetinaNet/Img_data/Invoice_50.png,69,445,364,506,DOB
C:/Users/PraveenKumar/RetinaNet/Img_data/Invoice_50.png,705,449,1635,511,Address
C:/Users/PraveenKumar/RetinaNet/Img_data/Invoice_51.png,72,369,425,426,Name
C:/Users/PraveenKumar/RetinaNet/Img_data/Invoice_51.png,697,364,1309,421,ccNumber
C:/Users/PraveenKumar/RetinaNet/Img_data/Invoice_51.png,706,451,1480,503,Address
C:/Users/PraveenKumar/RetinaNet/Img_data/Invoice_51.png,70,453,390,510,DOB
C:/Users/PraveenKumar/RetinaNet/Img_data/Invoice_52.png,74,370,361,419,Name
C:/Users/PraveenKumar/RetinaNet/Img_data/Invoice_52.png,706,359,1280,420,ccNumber
C:/Users/PraveenKumar/RetinaNet/Img_data/Invoice_52.png,695,440,1351,525,Address
C:/Users/PraveenKumar/RetinaNet/Img_data/Invoice_52.png,53,446,374,496,DOB
C:/Users/PraveenKumar/RetinaNet/Img_data/Invoice_53.png,53,364,390,423,Name
C:/Users/PraveenKumar/RetinaNet/Img_data/Invoice_53.png,683,356,1366,424,ccNumber
C:/Users/PraveenKumar/RetinaNet/Img_data/Invoice_53.png,690,447,1492,507,Address
C:/Users/PraveenKumar/RetinaNet/Img_data/Invoice_53.png,79,449,357,507,DOB
C:/Users/PraveenKumar/RetinaNet/Img_data/Invoice_54.png,72,363,375,430,Name
C:/Users/PraveenKumar/RetinaNet/Img_data/Invoice_54.png,706,359,1305,429,ccNumber
C:/Users/PraveenKumar/RetinaNet/Img_data/Invoice_54.png,685,453,1576,507,Address
C:/Users/PraveenKumar/RetinaNet/Img_data/Invoice_54.png,65,451,386,501,DOB
C:/Users/PraveenKumar/RetinaNet/Img_data/Invoice_55.png,66,367,453,434,Name
C:/Users/PraveenKumar/RetinaNet/Img_data/Invoice_55.png,693,364,1315,424,ccNumber
C:/Users/PraveenKumar/RetinaNet/Img_data/Invoice_55.png,700,449,1325,513,Address
C:/Users/PraveenKumar/RetinaNet/Img_data/Invoice_55.png,66,449,362,501,DOB
C:/Users/PraveenKumar/RetinaNet/Img_data/Invoice_56.png,73,369,395,420,Name
C:/Users/PraveenKumar/RetinaNet/Img_data/Invoice_56.png,679,363,1326,417,ccNumber
C:/Users/PraveenKumar/RetinaNet/Img_data/Invoice_56.png,710,451,1459,514,Address
C:/Users/PraveenKumar/RetinaNet/Img_data/Invoice_56.png,62,451,363,499,DOB
C:/Users/PraveenKumar/RetinaNet/Img_data/Invoice_57.png,68,372,419,425,Name
C:/Users/PraveenKumar/RetinaNet/Img_data/Invoice_57.png,679,352,1236,422,ccNumber
C:/Users/PraveenKumar/RetinaNet/Img_data/Invoice_57.png,703,447,1611,523,Address
C:/Users/PraveenKumar/RetinaNet/Img_data/Invoice_57.png,68,443,379,507,DOB
C:/Users/PraveenKumar/RetinaNet/Img_data/Invoice_58.png,66,365,474,427,Name
C:/Users/PraveenKumar/RetinaNet/Img_data/Invoice_58.png,713,365,1331,425,ccNumber
C:/Users/PraveenKumar/RetinaNet/Img_data/Invoice_58.png,691,448,1421,520,Address
C:/Users/PraveenKumar/RetinaNet/Img_data/Invoice_58.png,69,443,354,510,DOB
C:/Users/PraveenKumar/RetinaNet/Img_data/Invoice_59.png,75,370,473,421,Name
C:/Users/PraveenKumar/RetinaNet/Img_data/Invoice_59.png,697,356,1259,421,ccNumber
C:/Users/PraveenKumar/RetinaNet/Img_data/Invoice_59.png,705,449,1440,526,Address
C:/Users/PraveenKumar/RetinaNet/Img_data/Invoice_59.png,73,446,387,513,DOB
C:/Users/PraveenKumar/RetinaNet/Img_data/Invoice_6.png,74,359,477,424,Name
C:/Users/PraveenKumar/RetinaNet/Img_data/Invoice_6.png,702,354,1302,424,ccNumber
C:/Users/PraveenKumar/RetinaNet/Img_data/Invoice_6.png,67,447,372,502,DOB
C:/Users/PraveenKumar/RetinaNet/Img_data/Invoice_6.png,704,449,1654,502,Address
C:/Users/PraveenKumar/RetinaNet/Img_data/Invoice_60.png,73,368,413,430,Name
C:/Users/PraveenKumar/RetinaNet/Img_data/Invoice_60.png,703,369,1309,419,ccNumber
C:/Users/PraveenKumar/RetinaNet/Img_data/Invoice_60.png,699,453,1553,515,Address
C:/Users/PraveenKumar/RetinaNet/Img_data/Invoice_60.png,66,450,380,503,DOB
C:/Users/PraveenKumar/RetinaNet/Img_data/Invoice_61.png,71,368,434,428,Name
C:/Users/PraveenKumar/RetinaNet/Img_data/Invoice_61.png,701,360,1318,422,ccNumber
C:/Users/PraveenKumar/RetinaNet/Img_data/Invoice_61.png,699,443,1604,525,Address
C:/Users/PraveenKumar/RetinaNet/Img_data/Invoice_61.png,71,448,411,513,DOB
C:/Users/PraveenKumar/RetinaNet/Img_data/Invoice_62.png,71,367,403,430,Name
C:/Users/PraveenKumar/RetinaNet/Img_data/Invoice_62.png,704,365,1304,425,ccNumber
C:/Users/PraveenKumar/RetinaNet/Img_data/Invoice_62.png,691,443,1638,513,Address
C:/Users/PraveenKumar/RetinaNet/Img_data/Invoice_62.png,63,443,386,497,DOB
C:/Users/PraveenKumar/RetinaNet/Img_data/Invoice_63.png,68,360,361,417,Name
C:/Users/PraveenKumar/RetinaNet/Img_data/Invoice_63.png,713,365,1284,425,ccNumber
C:/Users/PraveenKumar/RetinaNet/Img_data/Invoice_63.png,708,448,1609,502,Address
C:/Users/PraveenKumar/RetinaNet/Img_data/Invoice_63.png,69,442,368,505,DOB
C:/Users/PraveenKumar/RetinaNet/Img_data/Invoice_64.png,74,369,415,420,Name
C:/Users/PraveenKumar/RetinaNet/Img_data/Invoice_64.png,700,365,1338,433,Name
C:/Users/PraveenKumar/RetinaNet/Img_data/Invoice_64.png,700,446,1588,508,Address
C:/Users/PraveenKumar/RetinaNet/Img_data/Invoice_64.png,71,446,371,498,DOB
C:/Users/PraveenKumar/RetinaNet/Img_data/Invoice_65.png,70,370,465,419,Name
C:/Users/PraveenKumar/RetinaNet/Img_data/Invoice_65.png,702,367,1317,414,Name
C:/Users/PraveenKumar/RetinaNet/Img_data/Invoice_65.png,696,444,1519,520,Address
C:/Users/PraveenKumar/RetinaNet/Img_data/Invoice_65.png,67,449,402,507,DOB
C:/Users/PraveenKumar/RetinaNet/Img_data/Invoice_66.png,69,363,489,435,Name
C:/Users/PraveenKumar/RetinaNet/Img_data/Invoice_66.png,703,357,1379,423,ccNumber
C:/Users/PraveenKumar/RetinaNet/Img_data/Invoice_66.png,709,448,1539,508,Address
C:/Users/PraveenKumar/RetinaNet/Img_data/Invoice_66.png,71,445,361,503,DOB
C:/Users/PraveenKumar/RetinaNet/Img_data/Invoice_67.png,71,370,399,422,Name
C:/Users/PraveenKumar/RetinaNet/Img_data/Invoice_67.png,704,363,1339,438,ccNumber
C:/Users/PraveenKumar/RetinaNet/Img_data/Invoice_67.png,708,448,1534,515,Address
C:/Users/PraveenKumar/RetinaNet/Img_data/Invoice_67.png,59,445,391,507,DOB
C:/Users/PraveenKumar/RetinaNet/Img_data/Invoice_68.png,71,360,413,428,Name
C:/Users/PraveenKumar/RetinaNet/Img_data/Invoice_68.png,701,353,1311,427,ccNumber
C:/Users/PraveenKumar/RetinaNet/Img_data/Invoice_68.png,706,438,1513,508,Address
C:/Users/PraveenKumar/RetinaNet/Img_data/Invoice_68.png,71,448,364,505,DOB
C:/Users/PraveenKumar/RetinaNet/Img_data/Invoice_69.png,73,367,444,420,Name
C:/Users/PraveenKumar/RetinaNet/Img_data/Invoice_69.png,699,358,1299,425,ccNumber
C:/Users/PraveenKumar/RetinaNet/Img_data/Invoice_69.png,706,443,1491,510,Address
C:/Users/PraveenKumar/RetinaNet/Img_data/Invoice_69.png,71,440,378,505,DOB
C:/Users/PraveenKumar/RetinaNet/Img_data/Invoice_7.png,74,364,472,419,Name
C:/Users/PraveenKumar/RetinaNet/Img_data/Invoice_7.png,709,352,1304,424,ccNumber
C:/Users/PraveenKumar/RetinaNet/Img_data/Invoice_7.png,64,447,412,499,DOB
C:/Users/PraveenKumar/RetinaNet/Img_data/Invoice_7.png,697,447,1459,499,Address
C:/Users/PraveenKumar/RetinaNet/Img_data/Invoice_70.png,76,367,446,435,Name
C:/Users/PraveenKumar/RetinaNet/Img_data/Invoice_70.png,701,368,1383,420,ccNumber
C:/Users/PraveenKumar/RetinaNet/Img_data/Invoice_70.png,706,445,1483,505,Address
C:/Users/PraveenKumar/RetinaNet/Img_data/Invoice_70.png,68,453,398,503,DOB
C:/Users/PraveenKumar/RetinaNet/Img_data/Invoice_71.png,76,369,423,421,Name
C:/Users/PraveenKumar/RetinaNet/Img_data/Invoice_71.png,700,365,1306,424,ccNumber
C:/Users/PraveenKumar/RetinaNet/Img_data/Invoice_71.png,708,451,1526,511,Address
C:/Users/PraveenKumar/RetinaNet/Img_data/Invoice_71.png,75,443,369,499,DOB
C:/Users/PraveenKumar/RetinaNet/Img_data/Invoice_72.png,70,356,397,429,Name
C:/Users/PraveenKumar/RetinaNet/Img_data/Invoice_72.png,702,360,1306,424,ccNumber
C:/Users/PraveenKumar/RetinaNet/Img_data/Invoice_72.png,705,444,1357,504,Address
C:/Users/PraveenKumar/RetinaNet/Img_data/Invoice_72.png,76,450,362,501,DOB
C:/Users/PraveenKumar/RetinaNet/Img_data/Invoice_73.png,69,363,441,432,Name
C:/Users/PraveenKumar/RetinaNet/Img_data/Invoice_73.png,689,352,1318,430,ccNumber
C:/Users/PraveenKumar/RetinaNet/Img_data/Invoice_73.png,73,448,364,517,DOB
C:/Users/PraveenKumar/RetinaNet/Img_data/Invoice_73.png,704,442,1479,517,Address
C:/Users/PraveenKumar/RetinaNet/Img_data/Invoice_74.png,706,370,1295,429,ccNumber
C:/Users/PraveenKumar/RetinaNet/Img_data/Invoice_74.png,700,446,1443,530,Address
C:/Users/PraveenKumar/RetinaNet/Img_data/Invoice_74.png,72,369,463,424,Name
C:/Users/PraveenKumar/RetinaNet/Img_data/Invoice_74.png,67,440,380,507,DOB
C:/Users/PraveenKumar/RetinaNet/Img_data/Invoice_75.png,65,360,416,426,Name
C:/Users/PraveenKumar/RetinaNet/Img_data/Invoice_75.png,693,354,1296,426,ccNumber
C:/Users/PraveenKumar/RetinaNet/Img_data/Invoice_75.png,699,444,1573,520,Address
C:/Users/PraveenKumar/RetinaNet/Img_data/Invoice_75.png,67,446,392,514,DOB
C:/Users/PraveenKumar/RetinaNet/Img_data/Invoice_76.png,70,360,430,427,Name
C:/Users/PraveenKumar/RetinaNet/Img_data/Invoice_76.png,693,364,1306,436,ccNumber
C:/Users/PraveenKumar/RetinaNet/Img_data/Invoice_76.png,702,450,1580,520,Address
C:/Users/PraveenKumar/RetinaNet/Img_data/Invoice_76.png,69,446,357,504,DOB
C:/Users/PraveenKumar/RetinaNet/Img_data/Invoice_77.png,74,370,439,425,Name
C:/Users/PraveenKumar/RetinaNet/Img_data/Invoice_77.png,698,363,1279,424,ccNumber
C:/Users/PraveenKumar/RetinaNet/Img_data/Invoice_77.png,698,444,1563,519,Address
C:/Users/PraveenKumar/RetinaNet/Img_data/Invoice_77.png,75,448,364,500,DOB
C:/Users/PraveenKumar/RetinaNet/Img_data/Invoice_78.png,70,363,436,431,Name
C:/Users/PraveenKumar/RetinaNet/Img_data/Invoice_78.png,673,360,1345,419,ccNumber
C:/Users/PraveenKumar/RetinaNet/Img_data/Invoice_78.png,697,437,1567,521,Address
C:/Users/PraveenKumar/RetinaNet/Img_data/Invoice_78.png,72,444,376,510,DOB
C:/Users/PraveenKumar/RetinaNet/Img_data/Invoice_79.png,70,369,416,436,Name
C:/Users/PraveenKumar/RetinaNet/Img_data/Invoice_79.png,697,351,1297,424,ccNumber
C:/Users/PraveenKumar/RetinaNet/Img_data/Invoice_79.png,697,441,1453,534,Address
C:/Users/PraveenKumar/RetinaNet/Img_data/Invoice_79.png,67,449,375,510,DOB
C:/Users/PraveenKumar/RetinaNet/Img_data/Invoice_8.png,79,362,424,429,Name
C:/Users/PraveenKumar/RetinaNet/Img_data/Invoice_8.png,702,359,1294,419,ccNumber
C:/Users/PraveenKumar/RetinaNet/Img_data/Invoice_8.png,702,444,1354,492,Address
C:/Users/PraveenKumar/RetinaNet/Img_data/Invoice_8.png,59,449,379,504,DOB
C:/Users/PraveenKumar/RetinaNet/Img_data/Invoice_80.png,63,360,369,431,Name
C:/Users/PraveenKumar/RetinaNet/Img_data/Invoice_80.png,693,369,1276,430,ccNumber
C:/Users/PraveenKumar/RetinaNet/Img_data/Invoice_80.png,696,449,1376,497,Address
C:/Users/PraveenKumar/RetinaNet/Img_data/Invoice_80.png,69,451,360,510,DOB
C:/Users/PraveenKumar/RetinaNet/Img_data/Invoice_81.png,63,360,493,426,Name
C:/Users/PraveenKumar/RetinaNet/Img_data/Invoice_81.png,697,366,1349,423,ccNumber
C:/Users/PraveenKumar/RetinaNet/Img_data/Invoice_81.png,702,444,1646,509,Address
C:/Users/PraveenKumar/RetinaNet/Img_data/Invoice_81.png,72,444,375,507,DOB
C:/Users/PraveenKumar/RetinaNet/Img_data/Invoice_82.png,69,369,440,419,Name
C:/Users/PraveenKumar/RetinaNet/Img_data/Invoice_82.png,696,351,1329,423,ccNumber
C:/Users/PraveenKumar/RetinaNet/Img_data/Invoice_82.png,700,441,1630,511,Address
C:/Users/PraveenKumar/RetinaNet/Img_data/Invoice_82.png,72,443,375,513,DOB
C:/Users/PraveenKumar/RetinaNet/Img_data/Invoice_83.png,72,361,522,424,Name
C:/Users/PraveenKumar/RetinaNet/Img_data/Invoice_83.png,706,359,1287,427,ccNumber
C:/Users/PraveenKumar/RetinaNet/Img_data/Invoice_83.png,703,450,1423,511,Address
C:/Users/PraveenKumar/RetinaNet/Img_data/Invoice_83.png,63,446,367,507,DOB
C:/Users/PraveenKumar/RetinaNet/Img_data/Invoice_84.png,73,369,465,421,Name
C:/Users/PraveenKumar/RetinaNet/Img_data/Invoice_84.png,703,364,1318,425,ccNumber
C:/Users/PraveenKumar/RetinaNet/Img_data/Invoice_84.png,710,453,1549,506,Address
C:/Users/PraveenKumar/RetinaNet/Img_data/Invoice_84.png,65,446,351,505,DOB
C:/Users/PraveenKumar/RetinaNet/Img_data/Invoice_85.png,74,366,429,433,Name
C:/Users/PraveenKumar/RetinaNet/Img_data/Invoice_85.png,696,364,1266,425,ccNumber
C:/Users/PraveenKumar/RetinaNet/Img_data/Invoice_85.png,703,448,1630,509,Address
C:/Users/PraveenKumar/RetinaNet/Img_data/Invoice_85.png,74,446,349,503,DOB
C:/Users/PraveenKumar/RetinaNet/Img_data/Invoice_86.png,67,354,415,427,Name
C:/Users/PraveenKumar/RetinaNet/Img_data/Invoice_86.png,699,360,1303,427,ccNumber
C:/Users/PraveenKumar/RetinaNet/Img_data/Invoice_86.png,692,443,1266,527,Address
C:/Users/PraveenKumar/RetinaNet/Img_data/Invoice_86.png,76,444,397,509,DOB
C:/Users/PraveenKumar/RetinaNet/Img_data/Invoice_87.png,70,363,462,426,Name
C:/Users/PraveenKumar/RetinaNet/Img_data/Invoice_87.png,700,364,1276,424,ccNumber
C:/Users/PraveenKumar/RetinaNet/Img_data/Invoice_87.png,695,447,1482,507,Address
C:/Users/PraveenKumar/RetinaNet/Img_data/Invoice_87.png,66,446,402,510,DOB
C:/Users/PraveenKumar/RetinaNet/Img_data/Invoice_88.png,67,367,413,427,Name
C:/Users/PraveenKumar/RetinaNet/Img_data/Invoice_88.png,695,334,1290,423,ccNumber
C:/Users/PraveenKumar/RetinaNet/Img_data/Invoice_88.png,706,446,1425,509,Address
C:/Users/PraveenKumar/RetinaNet/Img_data/Invoice_88.png,67,446,379,503,DOB
C:/Users/PraveenKumar/RetinaNet/Img_data/Invoice_89.png,64,363,458,430,Name
C:/Users/PraveenKumar/RetinaNet/Img_data/Invoice_89.png,694,350,1316,427,ccNumber
C:/Users/PraveenKumar/RetinaNet/Img_data/Invoice_89.png,703,445,1438,520,Address
C:/Users/PraveenKumar/RetinaNet/Img_data/Invoice_89.png,68,447,363,512,DOB
C:/Users/PraveenKumar/RetinaNet/Img_data/Invoice_9.png,67,372,374,419,Name
C:/Users/PraveenKumar/RetinaNet/Img_data/Invoice_9.png,702,359,1259,424,ccNumber
C:/Users/PraveenKumar/RetinaNet/Img_data/Invoice_9.png,704,444,1362,494,Address
C:/Users/PraveenKumar/RetinaNet/Img_data/Invoice_9.png,59,444,379,504,DOB
C:/Users/PraveenKumar/RetinaNet/Img_data/Invoice_90.png,67,363,460,427,Name
C:/Users/PraveenKumar/RetinaNet/Img_data/Invoice_90.png,702,357,1303,429,ccNumber
C:/Users/PraveenKumar/RetinaNet/Img_data/Invoice_90.png,686,441,1606,516,Address
C:/Users/PraveenKumar/RetinaNet/Img_data/Invoice_90.png,72,451,357,511,DOB
C:/Users/PraveenKumar/RetinaNet/Img_data/Invoice_91.png,59,364,399,426,Name
C:/Users/PraveenKumar/RetinaNet/Img_data/Invoice_91.png,687,359,1356,431,ccNumber
C:/Users/PraveenKumar/RetinaNet/Img_data/Invoice_91.png,699,441,1545,511,Address
C:/Users/PraveenKumar/RetinaNet/Img_data/Invoice_91.png,59,443,407,511,DOB
C:/Users/PraveenKumar/RetinaNet/Img_data/Invoice_92.png,73,359,496,421,Name
C:/Users/PraveenKumar/RetinaNet/Img_data/Invoice_92.png,697,344,1330,426,ccNumber
C:/Users/PraveenKumar/RetinaNet/Img_data/Invoice_92.png,699,440,1650,513,Address
C:/Users/PraveenKumar/RetinaNet/Img_data/Invoice_92.png,65,440,482,519,DOB
C:/Users/PraveenKumar/RetinaNet/Img_data/Invoice_93.png,67,367,392,416,Name
C:/Users/PraveenKumar/RetinaNet/Img_data/Invoice_93.png,675,360,1389,430,ccNumber
C:/Users/PraveenKumar/RetinaNet/Img_data/Invoice_93.png,703,441,1429,520,Address
C:/Users/PraveenKumar/RetinaNet/Img_data/Invoice_93.png,69,444,370,507,DOB
C:/Users/PraveenKumar/RetinaNet/Img_data/Invoice_94.png,69,361,499,420,Name
C:/Users/PraveenKumar/RetinaNet/Img_data/Invoice_94.png,698,356,1315,424,ccNumber
C:/Users/PraveenKumar/RetinaNet/Img_data/Invoice_94.png,701,441,1568,520,Address
C:/Users/PraveenKumar/RetinaNet/Img_data/Invoice_94.png,76,445,371,504,DOB
C:/Users/PraveenKumar/RetinaNet/Img_data/Invoice_95.png,68,358,408,423,Name
C:/Users/PraveenKumar/RetinaNet/Img_data/Invoice_95.png,698,357,1341,428,ccNumber
C:/Users/PraveenKumar/RetinaNet/Img_data/Invoice_95.png,699,442,1623,503,Address
C:/Users/PraveenKumar/RetinaNet/Img_data/Invoice_95.png,63,442,426,513,DOB
C:/Users/PraveenKumar/RetinaNet/Img_data/Invoice_96.png,70,360,399,424,Name
C:/Users/PraveenKumar/RetinaNet/Img_data/Invoice_96.png,700,357,1285,429,ccNumber
C:/Users/PraveenKumar/RetinaNet/Img_data/Invoice_96.png,699,443,1436,504,Address
C:/Users/PraveenKumar/RetinaNet/Img_data/Invoice_96.png,57,444,359,509,DOB
C:/Users/PraveenKumar/RetinaNet/Img_data/Invoice_97.png,66,367,432,427,Name
C:/Users/PraveenKumar/RetinaNet/Img_data/Invoice_97.png,699,350,1273,420,ccNumber
C:/Users/PraveenKumar/RetinaNet/Img_data/Invoice_97.png,682,439,1482,499,Address
C:/Users/PraveenKumar/RetinaNet/Img_data/Invoice_97.png,75,443,385,510,DOB
C:/Users/PraveenKumar/RetinaNet/Img_data/Invoice_98.png,76,364,442,429,Name
C:/Users/PraveenKumar/RetinaNet/Img_data/Invoice_98.png,696,351,1353,430,ccNumber
C:/Users/PraveenKumar/RetinaNet/Img_data/Invoice_98.png,705,446,1622,516,Address
C:/Users/PraveenKumar/RetinaNet/Img_data/Invoice_98.png,69,443,435,519,DOB
C:/Users/PraveenKumar/RetinaNet/Img_data/Invoice_99.png,63,359,365,424,Name
C:/Users/PraveenKumar/RetinaNet/Img_data/Invoice_99.png,669,359,1340,427,ccNumber
C:/Users/PraveenKumar/RetinaNet/Img_data/Invoice_99.png,686,443,1437,499,Address
C:/Users/PraveenKumar/RetinaNet/Img_data/Invoice_99.png,65,443,393,504,DOB
